[{"@type":"connection","id":"@1","name":"oracle","runtimeEnvironmentId":"@1yujSLe872Ok0xie7rW6yj","instanceDisplayName":"Oracle","host":"localhost","database":"XE","codepage":"UTF-8","authenticationType":"native","adjustedJdbcHostName":"localhost","schema":"hr","type":"Oracle","port":1521,"password":"********","username":"hr","majorUpdateTime":"2024-04-09T11:53:48.000Z","timeout":60,"connParams":{"agentId":"01CV2508000000000002","CryptoProtocolVersion":"TLSv1","agentGroupId":"01CV2525000000000002","encryptionMethod":"NoEncryption","orgId":"01CV25","ValidateServerCertificate":"False","oracleSubType":"oracleonpremise","authenticationType":"native"},"internal":false,"federatedId":"5OytqpZTs6ieOueJlbUDCF","retryNetworkError":false,"supportsCCIMultiGroup":false,"metadataBrowsable":true,"supportLabels":false,"vaultEnabled":false,"vaultEnabledParams":[]}]