[{"@type":"connection","id":"@1","name":"flat","runtimeEnvironmentId":"@1yujSLe872Ok0xie7rW6yj","instanceDisplayName":"CSVFile","dateFormat":"MM/dd/yyyy HH:mm:ss","database":"D:\\New folder","codepage":"UTF-8","type":"CSVFile","port":0,"majorUpdateTime":"2024-04-09T10:47:49.000Z","timeout":60,"connParams":{"agentId":"01CV2508000000000002","agentGroupId":"01CV2525000000000002","orgId":"01CV25"},"internal":false,"federatedId":"4Dgn4Otc92MgeQOJrWVpyp","retryNetworkError":false,"supportsCCIMultiGroup":false,"metadataBrowsable":true,"supportLabels":false,"vaultEnabled":false,"vaultEnabledParams":[]}]