[{"@type":"mappingTemplate","id":"@1","name":"artist_mapping","description":"","bundleVersion":"0","templateId":"@3","deployTime":1712747967000,"hasParameters":false,"valid":true,"fixedConnection":true,"hasParametersDeployed":false,"fixedConnectionDeployed":true,"isSchemaValidationEnabled":false,"tasks":0,"mappingPreviewFileRecordId":"@2","documentType":"MAPPING","references":[{"@type":"reference","refObjectId":"@4Dgn4Otc92MgeQOJrWVpyp","refType":"connection"},{"@type":"reference","refObjectId":"@5OytqpZTs6ieOueJlbUDCF","refType":"connection"}]}]